<?xml version="1.0" encoding="UTF-8"?>

<dbp>
    <estudiante ides="1"> 
        <cedula genero="masculino" matriculado="si" id="6843" esvalida="si">1104462856</cedula>
        <nombre>Jose</nombre>
        <apellido>Pluas</apellido>
        <celular>0995868164</celular>  
    </estudiante>
    <estudiante> 
        <cedula>1104412216</cedula>
        <nombre>Galo</nombre>
        <apellido>Medina</apellido>
        <celular>0980085747</celular>    
    </estudiante>
    <estudiante> 
        <cedula>1904111164</cedula>
        <nombre>Maximo</nombre>
        <apellido>Alvarez</apellido>
        <celular>0981117176</celular>    
    </estudiante>  
    <estudiante> 
        <cedula>1104372279</cedula>
        <nombre>Manuel</nombre>
        <apellido>Armijos</apellido>
        <celular>0994457974</celular>    
    </estudiante> 
    <estudiante> 
        <cedula>1904111164</cedula>
        <nombre>Carlos</nombre>
        <apellido>Perez</apellido>
        <celular>0981117176</celular>    
    </estudiante>  
    <estudiante> 
        <cedula>1904111164</cedula>
        <nombre>Maria</nombre>
        <apellido>Jara</apellido>
        <celular>0981117176</celular>    
    </estudiante>  
    <estudiante>
        <cedula>1718356412</cedula>
        <nombre>Alex</nombre>
        <apellido>Villalta</apellido>
    </estudiante>
     
</dbp>
